timestamp,senderNodeId,receiverNodeId,packetSize,interArrivalTime,packetType,isSenderAttacker,label
5,0,0,512,0,ATTACK,1,ATTACK
5.00042,0,1,512,0,ATTACK,1,ATTACK
5.1,0,0,512,0.1,ATTACK,1,ATTACK
5.10042,0,1,512,0.1,ATTACK,1,ATTACK
5.10042,0,2,512,0,ATTACK,1,ATTACK
5.2,0,0,512,0.1,ATTACK,1,ATTACK
5.20042,0,1,512,0.1,ATTACK,1,ATTACK
5.20042,0,2,512,0.1,ATTACK,1,ATTACK
5.3,0,0,512,0.1,ATTACK,1,ATTACK
5.30042,0,1,512,0.1,ATTACK,1,ATTACK
5.30042,0,2,512,0.1,ATTACK,1,ATTACK
5.4,0,0,512,0.1,ATTACK,1,ATTACK
5.40042,0,1,512,0.1,ATTACK,1,ATTACK
5.40042,0,2,512,0.1,ATTACK,1,ATTACK
5.5,0,0,512,0.1,ATTACK,1,ATTACK
5.50042,0,1,512,0.1,ATTACK,1,ATTACK
5.50042,0,2,512,0.1,ATTACK,1,ATTACK
5.6,0,0,512,0.1,ATTACK,1,ATTACK
5.60042,0,1,512,0.1,ATTACK,1,ATTACK
5.60042,0,2,512,0.1,ATTACK,1,ATTACK
5.7,0,0,512,0.1,ATTACK,1,ATTACK
5.70042,0,1,512,0.1,ATTACK,1,ATTACK
5.70042,0,2,512,0.1,ATTACK,1,ATTACK
5.8,0,0,512,0.1,ATTACK,1,ATTACK
5.80042,0,1,512,0.1,ATTACK,1,ATTACK
5.80042,0,2,512,0.1,ATTACK,1,ATTACK
5.9,0,0,512,0.1,ATTACK,1,ATTACK
5.90042,0,1,512,0.1,ATTACK,1,ATTACK
5.90042,0,2,512,0.1,ATTACK,1,ATTACK
6,0,0,512,0.1,ATTACK,1,ATTACK
6.00042,0,1,512,0.1,ATTACK,1,ATTACK
6.00042,0,2,512,0.1,ATTACK,1,ATTACK
6.1,0,0,512,0.1,ATTACK,1,ATTACK
6.10042,0,1,512,0.1,ATTACK,1,ATTACK
6.10042,0,2,512,0.1,ATTACK,1,ATTACK
6.2,0,0,512,0.1,ATTACK,1,ATTACK
6.20042,0,1,512,0.1,ATTACK,1,ATTACK
6.20042,0,2,512,0.1,ATTACK,1,ATTACK
6.3,0,0,512,0.1,ATTACK,1,ATTACK
6.30042,0,1,512,0.1,ATTACK,1,ATTACK
6.30042,0,2,512,0.1,ATTACK,1,ATTACK
6.4,0,0,512,0.1,ATTACK,1,ATTACK
6.40042,0,1,512,0.1,ATTACK,1,ATTACK
6.40042,0,2,512,0.1,ATTACK,1,ATTACK
6.5,0,0,512,0.1,ATTACK,1,ATTACK
6.50042,0,1,512,0.1,ATTACK,1,ATTACK
6.50042,0,2,512,0.1,ATTACK,1,ATTACK
6.6,0,0,512,0.1,ATTACK,1,ATTACK
6.60042,0,1,512,0.1,ATTACK,1,ATTACK
6.60042,0,2,512,0.1,ATTACK,1,ATTACK
6.7,0,0,512,0.1,ATTACK,1,ATTACK
6.70042,0,1,512,0.1,ATTACK,1,ATTACK
6.70042,0,2,512,0.1,ATTACK,1,ATTACK
6.8,0,0,512,0.1,ATTACK,1,ATTACK
6.80042,0,1,512,0.1,ATTACK,1,ATTACK
6.80042,0,2,512,0.1,ATTACK,1,ATTACK
6.9,0,0,512,0.1,ATTACK,1,ATTACK
6.90042,0,1,512,0.1,ATTACK,1,ATTACK
6.90042,0,2,512,0.1,ATTACK,1,ATTACK
7,0,0,512,0.1,ATTACK,1,ATTACK
7.00042,0,1,512,0.1,ATTACK,1,ATTACK
7.00042,0,2,512,0.1,ATTACK,1,ATTACK
7.1,0,0,512,0.1,ATTACK,1,ATTACK
7.10042,0,1,512,0.1,ATTACK,1,ATTACK
7.10042,0,2,512,0.1,ATTACK,1,ATTACK
7.2,0,0,512,0.1,ATTACK,1,ATTACK
7.20042,0,1,512,0.1,ATTACK,1,ATTACK
7.20042,0,2,512,0.1,ATTACK,1,ATTACK
7.3,0,0,512,0.1,ATTACK,1,ATTACK
7.30042,0,1,512,0.1,ATTACK,1,ATTACK
7.30042,0,2,512,0.1,ATTACK,1,ATTACK
7.4,0,0,512,0.1,ATTACK,1,ATTACK
7.40042,0,1,512,0.1,ATTACK,1,ATTACK
7.40042,0,2,512,0.1,ATTACK,1,ATTACK
7.5,0,0,512,0.1,ATTACK,1,ATTACK
7.50042,0,1,512,0.1,ATTACK,1,ATTACK
7.50042,0,2,512,0.1,ATTACK,1,ATTACK
7.6,0,0,512,0.1,ATTACK,1,ATTACK
7.60042,0,1,512,0.1,ATTACK,1,ATTACK
7.60042,0,2,512,0.1,ATTACK,1,ATTACK
7.7,0,0,512,0.1,ATTACK,1,ATTACK
7.70042,0,1,512,0.1,ATTACK,1,ATTACK
7.70042,0,2,512,0.1,ATTACK,1,ATTACK
7.8,0,0,512,0.1,ATTACK,1,ATTACK
7.80042,0,1,512,0.1,ATTACK,1,ATTACK
7.80042,0,2,512,0.1,ATTACK,1,ATTACK
7.9,0,0,512,0.1,ATTACK,1,ATTACK
7.90042,0,1,512,0.1,ATTACK,1,ATTACK
7.90042,0,2,512,0.1,ATTACK,1,ATTACK
8,0,0,512,0.1,ATTACK,1,ATTACK
8.00042,0,1,512,0.1,ATTACK,1,ATTACK
8.00042,0,2,512,0.1,ATTACK,1,ATTACK
8.1,0,0,512,0.1,ATTACK,1,ATTACK
8.10042,0,1,512,0.1,ATTACK,1,ATTACK
8.10042,0,2,512,0.1,ATTACK,1,ATTACK
8.2,0,0,512,0.1,ATTACK,1,ATTACK
8.20042,0,1,512,0.1,ATTACK,1,ATTACK
8.20042,0,2,512,0.1,ATTACK,1,ATTACK
8.3,0,0,512,0.1,ATTACK,1,ATTACK
8.30042,0,1,512,0.1,ATTACK,1,ATTACK
8.30042,0,2,512,0.1,ATTACK,1,ATTACK
8.4,0,0,512,0.1,ATTACK,1,ATTACK
8.40042,0,1,512,0.1,ATTACK,1,ATTACK
8.40042,0,2,512,0.1,ATTACK,1,ATTACK
8.5,0,0,512,0.1,ATTACK,1,ATTACK
8.50042,0,1,512,0.1,ATTACK,1,ATTACK
8.50042,0,2,512,0.1,ATTACK,1,ATTACK
8.6,0,0,512,0.1,ATTACK,1,ATTACK
8.60042,0,1,512,0.1,ATTACK,1,ATTACK
8.60042,0,2,512,0.1,ATTACK,1,ATTACK
8.7,0,0,512,0.1,ATTACK,1,ATTACK
8.70042,0,1,512,0.1,ATTACK,1,ATTACK
8.70042,0,2,512,0.1,ATTACK,1,ATTACK
8.8,0,0,512,0.1,ATTACK,1,ATTACK
8.80042,0,1,512,0.1,ATTACK,1,ATTACK
8.80042,0,2,512,0.1,ATTACK,1,ATTACK
8.9,0,0,512,0.1,ATTACK,1,ATTACK
8.90042,0,1,512,0.1,ATTACK,1,ATTACK
8.90042,0,2,512,0.1,ATTACK,1,ATTACK
9,0,0,512,0.1,ATTACK,1,ATTACK
9.00042,0,1,512,0.1,ATTACK,1,ATTACK
9.00042,0,2,512,0.1,ATTACK,1,ATTACK
9.1,0,0,512,0.1,ATTACK,1,ATTACK
9.10042,0,1,512,0.1,ATTACK,1,ATTACK
9.10042,0,2,512,0.1,ATTACK,1,ATTACK
9.2,0,0,512,0.1,ATTACK,1,ATTACK
9.20042,0,1,512,0.1,ATTACK,1,ATTACK
9.20042,0,2,512,0.1,ATTACK,1,ATTACK
9.3,0,0,512,0.1,ATTACK,1,ATTACK
9.30042,0,1,512,0.1,ATTACK,1,ATTACK
9.30042,0,2,512,0.1,ATTACK,1,ATTACK
9.4,0,0,512,0.1,ATTACK,1,ATTACK
9.40042,0,1,512,0.1,ATTACK,1,ATTACK
9.40042,0,2,512,0.1,ATTACK,1,ATTACK
9.5,0,0,512,0.1,ATTACK,1,ATTACK
9.50042,0,1,512,0.1,ATTACK,1,ATTACK
9.50042,0,2,512,0.1,ATTACK,1,ATTACK
9.6,0,0,512,0.1,ATTACK,1,ATTACK
9.60042,0,1,512,0.1,ATTACK,1,ATTACK
9.60042,0,2,512,0.1,ATTACK,1,ATTACK
9.7,0,0,512,0.1,ATTACK,1,ATTACK
9.70042,0,1,512,0.1,ATTACK,1,ATTACK
9.70042,0,2,512,0.1,ATTACK,1,ATTACK
9.8,0,0,512,0.1,ATTACK,1,ATTACK
9.80042,0,1,512,0.1,ATTACK,1,ATTACK
9.80042,0,2,512,0.1,ATTACK,1,ATTACK
9.9,0,0,512,0.1,ATTACK,1,ATTACK
9.90042,0,1,512,0.1,ATTACK,1,ATTACK
9.90042,0,2,512,0.1,ATTACK,1,ATTACK
10,0,0,512,0.1,ATTACK,1,ATTACK
10.0004,0,1,512,0.1,ATTACK,1,ATTACK
10.0004,0,2,512,0.1,ATTACK,1,ATTACK
10.1,0,0,512,0.1,ATTACK,1,ATTACK
10.1004,0,1,512,0.1,ATTACK,1,ATTACK
10.1004,0,2,512,0.1,ATTACK,1,ATTACK
10.2,0,0,512,0.1,ATTACK,1,ATTACK
10.2004,0,1,512,0.1,ATTACK,1,ATTACK
10.2004,0,2,512,0.1,ATTACK,1,ATTACK
10.3,0,0,512,0.1,ATTACK,1,ATTACK
10.3004,0,1,512,0.1,ATTACK,1,ATTACK
10.3004,0,2,512,0.1,ATTACK,1,ATTACK
10.4,0,0,512,0.1,ATTACK,1,ATTACK
10.4004,0,1,512,0.1,ATTACK,1,ATTACK
10.4004,0,2,512,0.1,ATTACK,1,ATTACK
10.5,0,0,512,0.1,ATTACK,1,ATTACK
10.5004,0,1,512,0.1,ATTACK,1,ATTACK
10.5004,0,2,512,0.1,ATTACK,1,ATTACK
10.6,0,0,512,0.1,ATTACK,1,ATTACK
10.6004,0,1,512,0.1,ATTACK,1,ATTACK
10.6004,0,2,512,0.1,ATTACK,1,ATTACK
10.7,0,0,512,0.1,ATTACK,1,ATTACK
10.7004,0,1,512,0.1,ATTACK,1,ATTACK
10.7004,0,2,512,0.1,ATTACK,1,ATTACK
10.8,0,0,512,0.1,ATTACK,1,ATTACK
10.8004,0,1,512,0.1,ATTACK,1,ATTACK
10.8004,0,2,512,0.1,ATTACK,1,ATTACK
10.9,0,0,512,0.1,ATTACK,1,ATTACK
10.9004,0,1,512,0.1,ATTACK,1,ATTACK
10.9004,0,2,512,0.1,ATTACK,1,ATTACK
11,0,0,512,0.1,ATTACK,1,ATTACK
11.0004,0,1,512,0.1,ATTACK,1,ATTACK
11.0004,0,2,512,0.1,ATTACK,1,ATTACK
11.1,0,0,512,0.1,ATTACK,1,ATTACK
11.1004,0,1,512,0.1,ATTACK,1,ATTACK
11.1004,0,2,512,0.1,ATTACK,1,ATTACK
11.2,0,0,512,0.1,ATTACK,1,ATTACK
11.2004,0,1,512,0.1,ATTACK,1,ATTACK
11.2004,0,2,512,0.1,ATTACK,1,ATTACK
11.3,0,0,512,0.1,ATTACK,1,ATTACK
11.3004,0,1,512,0.1,ATTACK,1,ATTACK
11.3004,0,2,512,0.1,ATTACK,1,ATTACK
11.4,0,0,512,0.1,ATTACK,1,ATTACK
11.4004,0,1,512,0.1,ATTACK,1,ATTACK
11.4004,0,2,512,0.1,ATTACK,1,ATTACK
11.5,0,0,512,0.1,ATTACK,1,ATTACK
11.5004,0,1,512,0.1,ATTACK,1,ATTACK
11.5004,0,2,512,0.1,ATTACK,1,ATTACK
11.6,0,0,512,0.1,ATTACK,1,ATTACK
11.6004,0,1,512,0.1,ATTACK,1,ATTACK
11.6004,0,2,512,0.1,ATTACK,1,ATTACK
11.7,0,0,512,0.1,ATTACK,1,ATTACK
11.7004,0,1,512,0.1,ATTACK,1,ATTACK
11.7004,0,2,512,0.1,ATTACK,1,ATTACK
11.8,0,0,512,0.1,ATTACK,1,ATTACK
11.8004,0,1,512,0.1,ATTACK,1,ATTACK
11.8004,0,2,512,0.1,ATTACK,1,ATTACK
11.9,0,0,512,0.1,ATTACK,1,ATTACK
11.9004,0,1,512,0.1,ATTACK,1,ATTACK
11.9004,0,2,512,0.1,ATTACK,1,ATTACK
12,0,0,512,0.1,ATTACK,1,ATTACK
12.0004,0,1,512,0.1,ATTACK,1,ATTACK
12.0004,0,2,512,0.1,ATTACK,1,ATTACK
12.1,0,0,512,0.1,ATTACK,1,ATTACK
12.1004,0,1,512,0.1,ATTACK,1,ATTACK
12.1004,0,2,512,0.1,ATTACK,1,ATTACK
12.2,0,0,512,0.1,ATTACK,1,ATTACK
12.2004,0,1,512,0.1,ATTACK,1,ATTACK
12.2004,0,2,512,0.1,ATTACK,1,ATTACK
12.3,0,0,512,0.1,ATTACK,1,ATTACK
12.3004,0,1,512,0.1,ATTACK,1,ATTACK
12.3004,0,2,512,0.1,ATTACK,1,ATTACK
12.4,0,0,512,0.1,ATTACK,1,ATTACK
12.4004,0,1,512,0.1,ATTACK,1,ATTACK
12.4004,0,2,512,0.1,ATTACK,1,ATTACK
12.5,0,0,512,0.1,ATTACK,1,ATTACK
12.5004,0,1,512,0.1,ATTACK,1,ATTACK
12.5004,0,2,512,0.1,ATTACK,1,ATTACK
12.6,0,0,512,0.1,ATTACK,1,ATTACK
12.6004,0,1,512,0.1,ATTACK,1,ATTACK
12.6004,0,2,512,0.1,ATTACK,1,ATTACK
12.7,0,0,512,0.1,ATTACK,1,ATTACK
12.7004,0,1,512,0.1,ATTACK,1,ATTACK
12.7004,0,2,512,0.1,ATTACK,1,ATTACK
12.8,0,0,512,0.1,ATTACK,1,ATTACK
12.8004,0,1,512,0.1,ATTACK,1,ATTACK
12.8004,0,2,512,0.1,ATTACK,1,ATTACK
12.9,0,0,512,0.1,ATTACK,1,ATTACK
12.9004,0,1,512,0.1,ATTACK,1,ATTACK
12.9004,0,2,512,0.1,ATTACK,1,ATTACK
13,0,0,512,0.1,ATTACK,1,ATTACK
13.0004,0,1,512,0.1,ATTACK,1,ATTACK
13.0004,0,2,512,0.1,ATTACK,1,ATTACK
13.1,0,0,512,0.1,ATTACK,1,ATTACK
13.1004,0,1,512,0.1,ATTACK,1,ATTACK
13.1004,0,2,512,0.1,ATTACK,1,ATTACK
13.2,0,0,512,0.1,ATTACK,1,ATTACK
13.2004,0,1,512,0.1,ATTACK,1,ATTACK
13.2004,0,2,512,0.1,ATTACK,1,ATTACK
13.3,0,0,512,0.1,ATTACK,1,ATTACK
13.3004,0,1,512,0.1,ATTACK,1,ATTACK
13.3004,0,2,512,0.1,ATTACK,1,ATTACK
13.4,0,0,512,0.1,ATTACK,1,ATTACK
13.4004,0,1,512,0.1,ATTACK,1,ATTACK
13.4004,0,2,512,0.1,ATTACK,1,ATTACK
13.5,0,0,512,0.1,ATTACK,1,ATTACK
13.5004,0,1,512,0.1,ATTACK,1,ATTACK
13.5004,0,2,512,0.1,ATTACK,1,ATTACK
13.6,0,0,512,0.1,ATTACK,1,ATTACK
13.6004,0,1,512,0.1,ATTACK,1,ATTACK
13.6004,0,2,512,0.1,ATTACK,1,ATTACK
13.7,0,0,512,0.1,ATTACK,1,ATTACK
13.7004,0,1,512,0.1,ATTACK,1,ATTACK
13.7004,0,2,512,0.1,ATTACK,1,ATTACK
13.8,0,0,512,0.1,ATTACK,1,ATTACK
13.8004,0,1,512,0.1,ATTACK,1,ATTACK
13.8004,0,2,512,0.1,ATTACK,1,ATTACK
13.9,0,0,512,0.1,ATTACK,1,ATTACK
13.9004,0,1,512,0.1,ATTACK,1,ATTACK
13.9004,0,2,512,0.1,ATTACK,1,ATTACK
14,0,0,512,0.1,ATTACK,1,ATTACK
14.0004,0,1,512,0.1,ATTACK,1,ATTACK
14.0004,0,2,512,0.1,ATTACK,1,ATTACK
14.1,0,0,512,0.1,ATTACK,1,ATTACK
14.1004,0,1,512,0.1,ATTACK,1,ATTACK
14.1004,0,2,512,0.1,ATTACK,1,ATTACK
14.2,0,0,512,0.1,ATTACK,1,ATTACK
14.2004,0,1,512,0.1,ATTACK,1,ATTACK
14.2004,0,2,512,0.1,ATTACK,1,ATTACK
14.3,0,0,512,0.1,ATTACK,1,ATTACK
14.3004,0,1,512,0.1,ATTACK,1,ATTACK
14.3004,0,2,512,0.1,ATTACK,1,ATTACK
14.4,0,0,512,0.1,ATTACK,1,ATTACK
14.4004,0,1,512,0.1,ATTACK,1,ATTACK
14.4004,0,2,512,0.1,ATTACK,1,ATTACK
14.5,0,0,512,0.1,ATTACK,1,ATTACK
14.5004,0,1,512,0.1,ATTACK,1,ATTACK
14.5004,0,2,512,0.1,ATTACK,1,ATTACK
14.6,0,0,512,0.1,ATTACK,1,ATTACK
14.6004,0,1,512,0.1,ATTACK,1,ATTACK
14.6004,0,2,512,0.1,ATTACK,1,ATTACK
14.7,0,0,512,0.1,ATTACK,1,ATTACK
14.7004,0,1,512,0.1,ATTACK,1,ATTACK
14.7004,0,2,512,0.1,ATTACK,1,ATTACK
14.8,0,0,512,0.1,ATTACK,1,ATTACK
14.8004,0,1,512,0.1,ATTACK,1,ATTACK
14.8004,0,2,512,0.1,ATTACK,1,ATTACK
14.9,0,0,512,0.1,ATTACK,1,ATTACK
14.9004,0,1,512,0.1,ATTACK,1,ATTACK
14.9004,0,2,512,0.1,ATTACK,1,ATTACK
15,0,0,512,0.1,ATTACK,1,ATTACK
15.0004,0,1,512,0.1,ATTACK,1,ATTACK
15.0004,0,2,512,0.1,ATTACK,1,ATTACK
15.1,0,0,512,0.1,ATTACK,1,ATTACK
15.1004,0,1,512,0.1,ATTACK,1,ATTACK
15.1004,0,2,512,0.1,ATTACK,1,ATTACK
15.2,0,0,512,0.1,ATTACK,1,ATTACK
15.2004,0,1,512,0.1,ATTACK,1,ATTACK
15.2004,0,2,512,0.1,ATTACK,1,ATTACK
15.3,0,0,512,0.1,ATTACK,1,ATTACK
15.3004,0,1,512,0.1,ATTACK,1,ATTACK
15.3004,0,2,512,0.1,ATTACK,1,ATTACK
15.4,0,0,512,0.1,ATTACK,1,ATTACK
15.4004,0,1,512,0.1,ATTACK,1,ATTACK
15.4004,0,2,512,0.1,ATTACK,1,ATTACK
15.5,0,0,512,0.1,ATTACK,1,ATTACK
15.5004,0,1,512,0.1,ATTACK,1,ATTACK
15.5004,0,2,512,0.1,ATTACK,1,ATTACK
15.6,0,0,512,0.1,ATTACK,1,ATTACK
15.6004,0,1,512,0.1,ATTACK,1,ATTACK
15.6004,0,2,512,0.1,ATTACK,1,ATTACK
15.7,0,0,512,0.1,ATTACK,1,ATTACK
15.7004,0,1,512,0.1,ATTACK,1,ATTACK
15.7004,0,2,512,0.1,ATTACK,1,ATTACK
15.8,0,0,512,0.1,ATTACK,1,ATTACK
15.8004,0,1,512,0.1,ATTACK,1,ATTACK
15.8004,0,2,512,0.1,ATTACK,1,ATTACK
15.9,0,0,512,0.1,ATTACK,1,ATTACK
15.9004,0,1,512,0.1,ATTACK,1,ATTACK
15.9004,0,2,512,0.1,ATTACK,1,ATTACK
16,0,0,512,0.1,ATTACK,1,ATTACK
16.0004,0,1,512,0.1,ATTACK,1,ATTACK
16.0004,0,2,512,0.1,ATTACK,1,ATTACK
16.1,0,0,512,0.1,ATTACK,1,ATTACK
16.1004,0,1,512,0.1,ATTACK,1,ATTACK
16.1004,0,2,512,0.1,ATTACK,1,ATTACK
16.2,0,0,512,0.1,ATTACK,1,ATTACK
16.2004,0,1,512,0.1,ATTACK,1,ATTACK
16.2004,0,2,512,0.1,ATTACK,1,ATTACK
16.3,0,0,512,0.1,ATTACK,1,ATTACK
16.3004,0,1,512,0.1,ATTACK,1,ATTACK
16.3004,0,2,512,0.1,ATTACK,1,ATTACK
16.4,0,0,512,0.1,ATTACK,1,ATTACK
16.4004,0,1,512,0.1,ATTACK,1,ATTACK
16.4004,0,2,512,0.1,ATTACK,1,ATTACK
16.5,0,0,512,0.1,ATTACK,1,ATTACK
16.5004,0,1,512,0.1,ATTACK,1,ATTACK
16.5004,0,2,512,0.1,ATTACK,1,ATTACK
16.6,0,0,512,0.1,ATTACK,1,ATTACK
16.6004,0,1,512,0.1,ATTACK,1,ATTACK
16.6004,0,2,512,0.1,ATTACK,1,ATTACK
16.7,0,0,512,0.1,ATTACK,1,ATTACK
16.7004,0,1,512,0.1,ATTACK,1,ATTACK
16.7004,0,2,512,0.1,ATTACK,1,ATTACK
16.8,0,0,512,0.1,ATTACK,1,ATTACK
16.8004,0,1,512,0.1,ATTACK,1,ATTACK
16.8004,0,2,512,0.1,ATTACK,1,ATTACK
16.9,0,0,512,0.1,ATTACK,1,ATTACK
16.9004,0,1,512,0.1,ATTACK,1,ATTACK
16.9004,0,2,512,0.1,ATTACK,1,ATTACK
17,0,0,512,0.1,ATTACK,1,ATTACK
17.0004,0,1,512,0.1,ATTACK,1,ATTACK
17.0004,0,2,512,0.1,ATTACK,1,ATTACK
17.1,0,0,512,0.1,ATTACK,1,ATTACK
17.1004,0,1,512,0.1,ATTACK,1,ATTACK
17.1004,0,2,512,0.1,ATTACK,1,ATTACK
17.2,0,0,512,0.1,ATTACK,1,ATTACK
17.2004,0,1,512,0.1,ATTACK,1,ATTACK
17.2004,0,2,512,0.1,ATTACK,1,ATTACK
17.3,0,0,512,0.1,ATTACK,1,ATTACK
17.3004,0,1,512,0.1,ATTACK,1,ATTACK
17.3004,0,2,512,0.1,ATTACK,1,ATTACK
17.4,0,0,512,0.1,ATTACK,1,ATTACK
17.4004,0,1,512,0.1,ATTACK,1,ATTACK
17.4004,0,2,512,0.1,ATTACK,1,ATTACK
17.5,0,0,512,0.1,ATTACK,1,ATTACK
17.5004,0,1,512,0.1,ATTACK,1,ATTACK
17.5004,0,2,512,0.1,ATTACK,1,ATTACK
17.6,0,0,512,0.1,ATTACK,1,ATTACK
17.6004,0,1,512,0.1,ATTACK,1,ATTACK
17.6004,0,2,512,0.1,ATTACK,1,ATTACK
17.7,0,0,512,0.1,ATTACK,1,ATTACK
17.7004,0,1,512,0.1,ATTACK,1,ATTACK
17.7004,0,2,512,0.1,ATTACK,1,ATTACK
17.8,0,0,512,0.1,ATTACK,1,ATTACK
17.8004,0,1,512,0.1,ATTACK,1,ATTACK
17.8004,0,2,512,0.1,ATTACK,1,ATTACK
17.9,0,0,512,0.1,ATTACK,1,ATTACK
17.9004,0,1,512,0.1,ATTACK,1,ATTACK
17.9004,0,2,512,0.1,ATTACK,1,ATTACK
18,0,0,512,0.1,ATTACK,1,ATTACK
18.0004,0,1,512,0.1,ATTACK,1,ATTACK
18.0004,0,2,512,0.1,ATTACK,1,ATTACK
18.1,0,0,512,0.1,ATTACK,1,ATTACK
18.1004,0,1,512,0.1,ATTACK,1,ATTACK
18.1004,0,2,512,0.1,ATTACK,1,ATTACK
18.2,0,0,512,0.1,ATTACK,1,ATTACK
18.2004,0,1,512,0.1,ATTACK,1,ATTACK
18.2004,0,2,512,0.1,ATTACK,1,ATTACK
18.3,0,0,512,0.1,ATTACK,1,ATTACK
18.3004,0,1,512,0.1,ATTACK,1,ATTACK
18.3004,0,2,512,0.1,ATTACK,1,ATTACK
18.4,0,0,512,0.1,ATTACK,1,ATTACK
18.4004,0,1,512,0.1,ATTACK,1,ATTACK
18.4004,0,2,512,0.1,ATTACK,1,ATTACK
18.5,0,0,512,0.1,ATTACK,1,ATTACK
18.5004,0,1,512,0.1,ATTACK,1,ATTACK
18.5004,0,2,512,0.1,ATTACK,1,ATTACK
18.6,0,0,512,0.1,ATTACK,1,ATTACK
18.6004,0,1,512,0.1,ATTACK,1,ATTACK
18.6004,0,2,512,0.1,ATTACK,1,ATTACK
18.7,0,0,512,0.1,ATTACK,1,ATTACK
18.7004,0,1,512,0.1,ATTACK,1,ATTACK
18.7004,0,2,512,0.1,ATTACK,1,ATTACK
18.8,0,0,512,0.1,ATTACK,1,ATTACK
18.8004,0,1,512,0.1,ATTACK,1,ATTACK
18.8004,0,2,512,0.1,ATTACK,1,ATTACK
18.9,0,0,512,0.1,ATTACK,1,ATTACK
18.9004,0,1,512,0.1,ATTACK,1,ATTACK
18.9004,0,2,512,0.1,ATTACK,1,ATTACK
19,0,0,512,0.1,ATTACK,1,ATTACK
19.0004,0,1,512,0.1,ATTACK,1,ATTACK
19.0004,0,2,512,0.1,ATTACK,1,ATTACK
19.1,0,0,512,0.1,ATTACK,1,ATTACK
19.1004,0,1,512,0.1,ATTACK,1,ATTACK
19.1004,0,2,512,0.1,ATTACK,1,ATTACK
19.2,0,0,512,0.1,ATTACK,1,ATTACK
19.2004,0,1,512,0.1,ATTACK,1,ATTACK
19.2004,0,2,512,0.1,ATTACK,1,ATTACK
19.3,0,0,512,0.1,ATTACK,1,ATTACK
19.3004,0,1,512,0.1,ATTACK,1,ATTACK
19.3004,0,2,512,0.1,ATTACK,1,ATTACK
19.4,0,0,512,0.1,ATTACK,1,ATTACK
19.4004,0,1,512,0.1,ATTACK,1,ATTACK
19.4004,0,2,512,0.1,ATTACK,1,ATTACK
19.5,0,0,512,0.1,ATTACK,1,ATTACK
19.5004,0,1,512,0.1,ATTACK,1,ATTACK
19.5004,0,2,512,0.1,ATTACK,1,ATTACK
19.6,0,0,512,0.1,ATTACK,1,ATTACK
19.6004,0,1,512,0.1,ATTACK,1,ATTACK
19.6004,0,2,512,0.1,ATTACK,1,ATTACK
19.7,0,0,512,0.1,ATTACK,1,ATTACK
19.7004,0,1,512,0.1,ATTACK,1,ATTACK
19.7004,0,2,512,0.1,ATTACK,1,ATTACK
19.8,0,0,512,0.1,ATTACK,1,ATTACK
19.8004,0,1,512,0.1,ATTACK,1,ATTACK
19.8004,0,2,512,0.1,ATTACK,1,ATTACK
19.9,0,0,512,0.1,ATTACK,1,ATTACK
19.9004,0,1,512,0.1,ATTACK,1,ATTACK
19.9004,0,2,512,0.1,ATTACK,1,ATTACK
20,0,0,512,0.1,ATTACK,1,ATTACK
20.0004,0,1,512,0.1,ATTACK,1,ATTACK
20.0004,0,2,512,0.1,ATTACK,1,ATTACK
20.1,0,0,512,0.1,ATTACK,1,ATTACK
20.1004,0,1,512,0.1,ATTACK,1,ATTACK
20.1004,0,2,512,0.1,ATTACK,1,ATTACK
20.2,0,0,512,0.1,ATTACK,1,ATTACK
20.2004,0,1,512,0.1,ATTACK,1,ATTACK
20.2004,0,2,512,0.1,ATTACK,1,ATTACK
20.3,0,0,512,0.1,ATTACK,1,ATTACK
20.3004,0,1,512,0.1,ATTACK,1,ATTACK
20.3004,0,2,512,0.1,ATTACK,1,ATTACK
20.4,0,0,512,0.1,ATTACK,1,ATTACK
20.4004,0,1,512,0.1,ATTACK,1,ATTACK
20.4004,0,2,512,0.1,ATTACK,1,ATTACK
20.5,0,0,512,0.1,ATTACK,1,ATTACK
20.5004,0,1,512,0.1,ATTACK,1,ATTACK
20.5004,0,2,512,0.1,ATTACK,1,ATTACK
20.6,0,0,512,0.1,ATTACK,1,ATTACK
20.6004,0,1,512,0.1,ATTACK,1,ATTACK
20.6004,0,2,512,0.1,ATTACK,1,ATTACK
20.7,0,0,512,0.1,ATTACK,1,ATTACK
20.7004,0,1,512,0.1,ATTACK,1,ATTACK
20.7004,0,2,512,0.1,ATTACK,1,ATTACK
20.8,0,0,512,0.1,ATTACK,1,ATTACK
20.8004,0,1,512,0.1,ATTACK,1,ATTACK
20.8004,0,2,512,0.1,ATTACK,1,ATTACK
20.9,0,0,512,0.1,ATTACK,1,ATTACK
20.9004,0,1,512,0.1,ATTACK,1,ATTACK
20.9004,0,2,512,0.1,ATTACK,1,ATTACK
21,0,0,512,0.1,ATTACK,1,ATTACK
21.0004,0,1,512,0.1,ATTACK,1,ATTACK
21.0004,0,2,512,0.1,ATTACK,1,ATTACK
21.1,0,0,512,0.1,ATTACK,1,ATTACK
21.1004,0,1,512,0.1,ATTACK,1,ATTACK
21.1004,0,2,512,0.1,ATTACK,1,ATTACK
21.2,0,0,512,0.1,ATTACK,1,ATTACK
21.2004,0,1,512,0.1,ATTACK,1,ATTACK
21.2004,0,2,512,0.1,ATTACK,1,ATTACK
21.3,0,0,512,0.1,ATTACK,1,ATTACK
21.3004,0,1,512,0.1,ATTACK,1,ATTACK
21.3004,0,2,512,0.1,ATTACK,1,ATTACK
21.4,0,0,512,0.1,ATTACK,1,ATTACK
21.4004,0,1,512,0.1,ATTACK,1,ATTACK
21.4004,0,2,512,0.1,ATTACK,1,ATTACK
21.5,0,0,512,0.1,ATTACK,1,ATTACK
21.5004,0,1,512,0.1,ATTACK,1,ATTACK
21.5004,0,2,512,0.1,ATTACK,1,ATTACK
21.6,0,0,512,0.1,ATTACK,1,ATTACK
21.6004,0,1,512,0.1,ATTACK,1,ATTACK
21.6004,0,2,512,0.1,ATTACK,1,ATTACK
21.7,0,0,512,0.1,ATTACK,1,ATTACK
21.7004,0,1,512,0.1,ATTACK,1,ATTACK
21.7004,0,2,512,0.1,ATTACK,1,ATTACK
21.8,0,0,512,0.1,ATTACK,1,ATTACK
21.8004,0,1,512,0.1,ATTACK,1,ATTACK
21.8004,0,2,512,0.1,ATTACK,1,ATTACK
21.9,0,0,512,0.1,ATTACK,1,ATTACK
21.9004,0,1,512,0.1,ATTACK,1,ATTACK
21.9004,0,2,512,0.1,ATTACK,1,ATTACK
22,0,0,512,0.1,ATTACK,1,ATTACK
22.0004,0,1,512,0.1,ATTACK,1,ATTACK
22.0004,0,2,512,0.1,ATTACK,1,ATTACK
22.1,0,0,512,0.1,ATTACK,1,ATTACK
22.1004,0,1,512,0.1,ATTACK,1,ATTACK
22.1004,0,2,512,0.1,ATTACK,1,ATTACK
22.2,0,0,512,0.1,ATTACK,1,ATTACK
22.2004,0,1,512,0.1,ATTACK,1,ATTACK
22.2004,0,2,512,0.1,ATTACK,1,ATTACK
22.3,0,0,512,0.1,ATTACK,1,ATTACK
22.3004,0,1,512,0.1,ATTACK,1,ATTACK
22.3004,0,2,512,0.1,ATTACK,1,ATTACK
22.4,0,0,512,0.1,ATTACK,1,ATTACK
22.4004,0,1,512,0.1,ATTACK,1,ATTACK
22.4004,0,2,512,0.1,ATTACK,1,ATTACK
22.5,0,0,512,0.1,ATTACK,1,ATTACK
22.5004,0,1,512,0.1,ATTACK,1,ATTACK
22.5004,0,2,512,0.1,ATTACK,1,ATTACK
22.6,0,0,512,0.1,ATTACK,1,ATTACK
22.6004,0,1,512,0.1,ATTACK,1,ATTACK
22.6004,0,2,512,0.1,ATTACK,1,ATTACK
22.7,0,0,512,0.1,ATTACK,1,ATTACK
22.7004,0,1,512,0.1,ATTACK,1,ATTACK
22.7004,0,2,512,0.1,ATTACK,1,ATTACK
22.8,0,0,512,0.1,ATTACK,1,ATTACK
22.8004,0,1,512,0.1,ATTACK,1,ATTACK
22.8004,0,2,512,0.1,ATTACK,1,ATTACK
22.9,0,0,512,0.1,ATTACK,1,ATTACK
22.9004,0,1,512,0.1,ATTACK,1,ATTACK
22.9004,0,2,512,0.1,ATTACK,1,ATTACK
23,0,0,512,0.1,ATTACK,1,ATTACK
23.0004,0,1,512,0.1,ATTACK,1,ATTACK
23.0004,0,2,512,0.1,ATTACK,1,ATTACK
23.1,0,0,512,0.1,ATTACK,1,ATTACK
23.1004,0,1,512,0.1,ATTACK,1,ATTACK
23.1004,0,2,512,0.1,ATTACK,1,ATTACK
23.2,0,0,512,0.1,ATTACK,1,ATTACK
23.2004,0,1,512,0.1,ATTACK,1,ATTACK
23.2004,0,2,512,0.1,ATTACK,1,ATTACK
23.3,0,0,512,0.1,ATTACK,1,ATTACK
23.3004,0,1,512,0.1,ATTACK,1,ATTACK
23.3004,0,2,512,0.1,ATTACK,1,ATTACK
23.4,0,0,512,0.1,ATTACK,1,ATTACK
23.4004,0,1,512,0.1,ATTACK,1,ATTACK
23.4004,0,2,512,0.1,ATTACK,1,ATTACK
23.5,0,0,512,0.1,ATTACK,1,ATTACK
23.5004,0,1,512,0.1,ATTACK,1,ATTACK
23.5004,0,2,512,0.1,ATTACK,1,ATTACK
23.6,0,0,512,0.1,ATTACK,1,ATTACK
23.6004,0,1,512,0.1,ATTACK,1,ATTACK
23.6004,0,2,512,0.1,ATTACK,1,ATTACK
23.7,0,0,512,0.1,ATTACK,1,ATTACK
23.7004,0,1,512,0.1,ATTACK,1,ATTACK
23.7004,0,2,512,0.1,ATTACK,1,ATTACK
23.8,0,0,512,0.1,ATTACK,1,ATTACK
23.8004,0,1,512,0.1,ATTACK,1,ATTACK
23.8004,0,2,512,0.1,ATTACK,1,ATTACK
23.9,0,0,512,0.1,ATTACK,1,ATTACK
23.9004,0,1,512,0.1,ATTACK,1,ATTACK
23.9004,0,2,512,0.1,ATTACK,1,ATTACK
24,0,0,512,0.1,ATTACK,1,ATTACK
24.0004,0,1,512,0.1,ATTACK,1,ATTACK
24.0004,0,2,512,0.1,ATTACK,1,ATTACK
24.1,0,0,512,0.1,ATTACK,1,ATTACK
24.1004,0,1,512,0.1,ATTACK,1,ATTACK
24.1004,0,2,512,0.1,ATTACK,1,ATTACK
24.2,0,0,512,0.1,ATTACK,1,ATTACK
24.2004,0,1,512,0.1,ATTACK,1,ATTACK
24.2004,0,2,512,0.1,ATTACK,1,ATTACK
24.3,0,0,512,0.1,ATTACK,1,ATTACK
24.3004,0,1,512,0.1,ATTACK,1,ATTACK
24.3004,0,2,512,0.1,ATTACK,1,ATTACK
24.4,0,0,512,0.1,ATTACK,1,ATTACK
24.4004,0,1,512,0.1,ATTACK,1,ATTACK
24.4004,0,2,512,0.1,ATTACK,1,ATTACK
24.5,0,0,512,0.1,ATTACK,1,ATTACK
24.5004,0,1,512,0.1,ATTACK,1,ATTACK
24.5004,0,2,512,0.1,ATTACK,1,ATTACK
24.6,0,0,512,0.1,ATTACK,1,ATTACK
24.6004,0,1,512,0.1,ATTACK,1,ATTACK
24.6004,0,2,512,0.1,ATTACK,1,ATTACK
24.7,0,0,512,0.1,ATTACK,1,ATTACK
24.7004,0,1,512,0.1,ATTACK,1,ATTACK
24.7004,0,2,512,0.1,ATTACK,1,ATTACK
24.8,0,0,512,0.1,ATTACK,1,ATTACK
24.8004,0,1,512,0.1,ATTACK,1,ATTACK
24.8004,0,2,512,0.1,ATTACK,1,ATTACK
24.9,0,0,512,0.1,ATTACK,1,ATTACK
24.9004,0,1,512,0.1,ATTACK,1,ATTACK
24.9004,0,2,512,0.1,ATTACK,1,ATTACK
